id,product,original,caption,display_order,date_created
22,30,images/products/2018/02/choose_your_own_color_modern_weave_fabric-r7df0e7b4944040fbb2d136614a41bbb8_z191r_324.jpg,,0,2017-10-09 20:50:35.225125+00:00
37,41,images/products/2017/12/any-color.jpg,,0,2017-12-27 16:14:11.814245+00:00
36,29,images/products/2017/12/any-color.jpg,,0,2017-12-27 16:13:30.571727+00:00
18,35,images/products/2017/12/IMG_3609.jpg,,0,2017-10-09 20:42:21.140246+00:00
35,42,images/products/2017/12/IMG_0022.JPG,,0,2017-11-02 16:22:02.506088+00:00
34,43,images/products/2017/12/IMG_0022.JPG,,0,2017-11-02 16:21:41.362123+00:00
9,25,images/products/2017/12/IMG_0015.JPG,,0,2017-10-09 19:31:03.518609+00:00
20,38,images/products/2017/12/IMG_0015.JPG,,0,2017-10-09 20:46:19.631340+00:00
16,40,images/products/2017/12/IMG_0034.JPG,,0,2017-10-09 20:29:17.568823+00:00
15,39,images/products/2017/12/IMG_0028.JPG,,0,2017-10-09 20:27:06.818768+00:00
8,24,images/products/2017/12/ChinaRed8oz5410.jpg,,0,2017-10-06 21:20:09.253261+00:00
12,31,images/products/2017/12/AvilaBuff83762.jpg,,0,2017-10-09 19:47:10.277877+00:00
14,33,images/products/2017/12/BistroApple70412.jpg,,0,2017-10-09 20:13:03.733933+00:00
10,28,images/products/2017/12/IMG_0034.JPG,,0,2017-10-09 19:38:35.331384+00:00
19,27,images/products/2017/12/IMG_0864.JPG,,0,2017-10-09 20:44:42.250133+00:00
13,32,images/products/2017/12/RumorBamboo6652.jpg,,0,2017-10-09 19:48:45.073153+00:00
21,36,images/products/2017/12/IMG_0064.JPG,,0,2017-10-09 20:48:32.798077+00:00
6,21,images/products/2017/12/IMG_0064.JPG,,0,2017-10-04 20:53:19.743016+00:00
30,32,images/products/2017/12/RumorButtercup6662.jpg,,1,2017-10-31 17:11:12.184555+00:00
24,31,images/products/2017/12/AvilaCocoa8378.jpg,,1,2017-10-31 17:07:56.071976+00:00
26,24,images/products/2017/12/RoyalNavy8oz5442.jpg,,1,2017-10-31 17:08:28.305682+00:00
23,27,images/products/2017/12/IMG_0028.JPG,,1,2017-10-31 17:04:24.782808+00:00
28,35,images/products/2017/12/AvalonAmber2476.jpg,,1,2017-10-31 17:10:36.732007+00:00
32,33,images/products/2017/12/BistroCheckerboard7036.jpg,,1,2017-10-31 17:11:39.477822+00:00
27,24,images/products/2017/12/SteelBlue8oz5439.jpg,,2,2017-10-31 17:08:28.791699+00:00
31,32,images/products/2017/12/ScoopChili1911.jpg,,2,2017-10-31 17:11:12.695051+00:00
33,33,images/products/2017/12/BistroCheckerboard7036.jpg,,2,2017-10-31 17:11:39.740102+00:00
25,31,images/products/2017/12/AvilaGranite83872.jpg,,2,2017-10-31 17:07:56.331929+00:00
29,35,images/products/2017/12/AvalonCharcoal2484.jpg,,2,2017-10-31 17:10:37.039259+00:00
