id,name,display_type,body,date_created
6,Fabric Choices,,"<div>
<span>Solid Fabrics</span>
<br>
<span>Striped Fabrics</span>
<br>
<span>Jaquards Fabrics</span>
<br>
</div>",2017-10-31 16:09:51.757814+00:00
3,Welcome,,"<p class=""content-center"">Finest Quality Porch Bed Swings
Individually Hand Crafted
Trusted, 30 Year Old Company
Superior Materials and Craftsmanship
</p>
<h3 class=""content-center"">
(843) 323-7004 info@originalcharlestonbedswing.com
</h3>
<p class=""content-center"">
From the original idea and design thirty years ago, we have refined our bed swing to what is the most comfortable, functional and finest porch bed swing available.
<p class=""content-center"">
Each bedswing is individually constructed by our veteran, skilled craftsmen to provide the special quality we are known by.
We use only clear, select, furniture grade cypress or mahogany to ensure a beautiful piece of furniture you can be proud of.
The fabrics used for our cushions and pillows are Outdura products, known industry wide as some of the best outdoor material available.
Please take a little time and look over some photos on our Gallery page. Check out the wood finishes available on our Finishes page and look over the wide array of fabrics available on our Fabrics page.
</p>
<p class=""content-center"">
Occasionally we run specials – please call to inquire.
</p>",2017-09-29 13:51:44.218585+00:00
7,FAQs,,"<p>Q. <em>&#8220;How much space will I need for my new bed swing?&#8221;</em><br />
A. General hanging guidance for original size bed swing:</p>
<ul style=""list-style: none;"">
<li>Imagine a rectangle above where you plan to hang your Bedswing (34&#8243; x 80&#8243; for original, 27&#8243; x 70&#8243; for mini)</li>
<li>A 1/2&#8243; by 4&#8243; Eye-Lag screw (all hardware is included) will go in each corner (give or take 1&#8243; to 2&#8243; is OK).</li>
<li>The Eye-Lag screws must go into at least a 2” by 6”.</li>
<li>Ideally, allow 1½  feet in front and in back of bed swing and 1 foot on each side. (It is possible with less clearance if vigorous swinging is not anticipated).</li>
</ul>
<p>Q. <em>&#8220;How do I hang and support the bed swing?&#8221;</em><br />
A. We recommend that you have your new bed swing installed by a professional. Hanging involves installation of four-4″ eye lag bolts into a minimum of a 2 x 6-inch support.</p>
<p>Q. <em>&#8220;May I hang my porch bed swing on any ceiling or support height?&#8221;</em><br />
A. Yes. Your bed swing comes complete with enough chain length to hang it from up to a ten-foot ceiling. If your ceiling height is greater than that, simply let us know during your checkout and we will send enough chain to support that at no extra charge.</p>
<p>Q. <em>&#8220;Where should I hang my bed swing?&#8221;</em><br />
A. The Original Charleston Bedswing is not intended for outdoor exposure with no overhead cover. Best use is on a covered porch or inside.</p>
<p>Q. <em>&#8220;How should I care for my cushion fabric?&#8221;</em><br />
A. For normal stains: Remove loose diet with soft bristle brush or hose down with cold water. Clean with water and mild soap.<br />
A. For stubborn stains: Soak fabric in one gallon cold water with one half cup of bleach and one quarter cup of mild soap mixed in for one hour. Rub in mixture with soft brush rinse and cold water. Air dry.</p>
<p>Q. <em>&#8220;I would love to match the color of my bed swing to existing décor. Can you do that?&#8221;</em><br />
A. Yes. For a small extra charge, we can finish your bedswing in any Sherwin Williams paint color. During checkout, just enter the specific Sherwin Williams paint number and we will make it look just like you wish.</p>
<p>Q. <em>&#8220;How much assembly is required?&#8221;</em><br />
A. Your bedswing will arrive fully assembled. All you have to do is hang it.</p>
<p>Q. <em>&#8220;How do you ship such a large item and what are the charges?&#8221;</em><br />
A. Due to the size, both the bed swing itself and the cushion package are shipped by freight and are shipped separately from two different locations. The freight charges are based on your location and are calculated during checkout.</p>
<p>Q. <em>&#8220;May I provide my own fabric for the cushions and pillows?&#8221;</em><br />
A. Yes. We offer C.O.M. (Customers own material) for creation of the cushions and pillows. We will be updating our shopping module to include this option. Before then, just call us to arrange. Price is $1,111.20 (20% off of regular cushion price). Mail 12 yards of fabric for original size; 11 yards of fabric for mini size to:</p>
<p>C/O Kira<br />
East Coast Umbrella<br />
6321 Andrew Jackson Hwy<br />
Laurel Hill, NC 28351</p>
<p>Q. <em>&#8220;What is the shipping rate for my State?&#8221;</em><br />
WA : $775, 
WI : $550, 
WV : $325, 
FL : $425, 
WY : $550, 
NH : $550, 
NJ : $550, 
NM : $550, 
NC : $375, 
ND : $575, 
NE : $575, 
NY : $550, 
RI : $525, 
NV : $775, 
GU : $775, 
CO : $550, 
CA : $775, 
GA : $375, 
CT : $525, 
OK : $525, 
OH : $400, 
KS : $450, 
SC : $275, 
KY : $400, 
OR : $775, 
SD : $550, 
DE : $425, 
DC : $425, 
HI : $775, 
PR : $1000, 
TX : $525, 
LA : $425, 
TN : $400, 
PA : $525, 
VA : $375, 
VI : $1000, 
AK : $775, 
AL : $425, 
AS : $775, 
AR : $425, 
VT : $550, 
IL : $400, 
IN : $400, 
IA : $475, 
AZ : $550, 
ID : $550, 
ME : $575, 
MD : $375, 
MA : $525, 
UT : $550, 
MO : $400, 
MN : $550, 
MI : $500, 
MT : $550, 
MS : $400",2017-11-02 16:03:16.441548+00:00
4,About,,"<div class=""block-content"">
<span>Each bedswing is individually constructed by our veteran craftsmen to provide the special quality we are known by.</span>
<br>
<span>We use only clear, select, furniture grade cypress or mahogany to ensure a beautiful piece of furniture you can be proud of.</span>
<br>
<span>The fabrics used for our cushions and pillows are Outdura products, known industry wide as some of the best outdoor material available.</span>

</div>",2017-09-30 16:43:27.700085+00:00
5,Finishes,,"<div>
<span>Finished Mahogany</span>
<br>
<span>Finished Cypress</span>
<br>
<span>Painted Mahogany – White</span>
<br>
<span>Painted Mahogany – Black</span>
<br>
<span>Painted Mahogany – Choose a custom color from Sherwin Williams (additional charge)</span>
</div>",2017-09-30 17:18:48.954999+00:00
2,About Us,,"<div class=""col-md-12 about-page"">
<div class = ""col-md-4"">
  <img src=""https://storage.googleapis.com/bedswing-bucket/images%2Fpromotions%2Fwestern_backgroun.jpg"" alt="""">
</div>
<div class=""col-md-8"">
  <p>The Original Charleston Bedswing® is all about relaxation and fun. Porches, especially in the South, are the preferred venue for enjoying a cold glass of sweet tea, long talks with loved ones, reading a good book, and lazy afternoon naps. They act as the intermediary between the outside world and the intimate life of the home.</p>
  <p>Wanting to make our porch more inviting and comfortable for friends and family, I built the first Bedswing. In the beginning I made each bed swing by hand, giving them to friends and loved ones as gifts. As word spread and demand grew, it became clear that I would need to hand over production to someone else. Producing the swings anywhere but locally was not an option.</p>
  <p>After enlisting several local wood shops with varying success, I met Pat Withers and knew I did not need to search any further. I work closely with Pat and his employees at Withers Industries to ensure each bed swing is of the same quality as the first one I built so many years ago. The quality is unbeatable.</p>
  <p>Lean back in one and it becomes clear that every porch deserves an Original Charleston Bedswing®.</p>
</div>
</div>",2017-09-29 13:44:25.571710+00:00
8,Fabric Options,,"<div> 
    <div class=""sub-header"">
        <h2 class=""text-center"">Striped Fabrics</h2>        
    </div>
    <div class=""fabric-group"">        
    
    <div class=""mdl-card "">
      <div class=""mdl-card__title"">
        <h2 class=""mdl-card__title-text"">Bistro Checkerboard 7036</h2>
      </div>
      <div class=""mdl-card__media"">
        
              <img  src=""https://storage.googleapis.com/bedswing-bucket/images%2Fproducts%2F2017%2F12%2FBistroCheckerboard7036.jpg""  border=""0""   alt="""">
        
      </div>
    </div>
    
    <div class=""mdl-card "">
      <div class=""mdl-card__title"">
        <h2 class=""mdl-card__title-text"">Bistro Apple 7041</h2>
      </div>
      <div class=""mdl-card__media"">
        
              <img  src=""https://storage.googleapis.com/bedswing-bucket/images%2Fproducts%2F2018%2F01%2FBistroApple70412.jpg""  border=""0""   alt="""">
        
      </div>
    </div>
    
    <div class=""mdl-card "">
      <div class=""mdl-card__title"">
        <h2 class=""mdl-card__title-text"">Donovan Cascade 3629</h2>
      </div>
      <div class=""mdl-card__media"">
        
              <img  src=""https://storage.googleapis.com/bedswing-bucket/images%2Fproducts%2F2017%2F12%2FDonovanCascade3629.jpg""  border=""0""   alt="""">
        
      </div>
    </div>
    
    <div class=""mdl-card "">
      <div class=""mdl-card__title"">
        <h2 class=""mdl-card__title-text"">Donovan Crystal 3625</h2>
      </div>
      <div class=""mdl-card__media"">
        
              <img  src=""https://storage.googleapis.com/bedswing-bucket/images%2Fproducts%2F2017%2F12%2FDonovanCrystal3625.jpg""  border=""0""   alt="""">
        
      </div>
    </div>
    
    <div class=""mdl-card "">
      <div class=""mdl-card__title"">
        <h2 class=""mdl-card__title-text"">Donovan Garden 3627</h2>
      </div>
      <div class=""mdl-card__media"">
        
              <img  src=""https://storage.googleapis.com/bedswing-bucket/images%2Fproducts%2F2017%2F12%2FDonovanGarden3627.jpg""  border=""0""   alt="""">
        
      </div>
    </div>
    
    <div class=""mdl-card "">
      <div class=""mdl-card__title"">
        <h2 class=""mdl-card__title-text"">Fenway Laguna 1512</h2>
      </div>
      <div class=""mdl-card__media"">
        
              <img  src=""https://storage.googleapis.com/bedswing-bucket/images%2Fproducts%2F2017%2F12%2FFenwayLaguna1512.jpg""  border=""0""   alt="""">
        
      </div>
    </div>
    
    <div class=""mdl-card "">
      <div class=""mdl-card__title"">
        <h2 class=""mdl-card__title-text"">Fenway Flannel 1513</h2>
      </div>
      <div class=""mdl-card__media"">
        
              <img  src=""https://storage.googleapis.com/bedswing-bucket/images%2Fproducts%2F2017%2F12%2FFenwayFlannel1513.jpg""  border=""0""   alt="""">
        
      </div>
    </div>
    
    <div class=""mdl-card "">
      <div class=""mdl-card__title"">
        <h2 class=""mdl-card__title-text"">Luna Admiral 5801</h2>
      </div>
      <div class=""mdl-card__media"">
        
              <img  src=""https://storage.googleapis.com/bedswing-bucket/images%2Fproducts%2F2017%2F12%2FLunaAdmiral58012.jpg""  border=""0""   alt="""">
        
      </div>
    </div>
    
    <div class=""mdl-card "">
      <div class=""mdl-card__title"">
        <h2 class=""mdl-card__title-text"">Luna Carosel 5803</h2>
      </div>
      <div class=""mdl-card__media"">
        
              <img  src=""https://storage.googleapis.com/bedswing-bucket/images%2Fproducts%2F2017%2F12%2FLunaCarosel58032.jpg""  border=""0""   alt="""">
        
      </div>
    </div>
    
    <div class=""mdl-card "">
      <div class=""mdl-card__title"">
        <h2 class=""mdl-card__title-text"">Tory Indigo 8029</h2>
      </div>
      <div class=""mdl-card__media"">
        
              <img  src=""https://storage.googleapis.com/bedswing-bucket/images%2Fproducts%2F2017%2F12%2FToryIndigo8029.jpg""  border=""0""   alt="""">
        
      </div>
    </div>
    
    <div class=""mdl-card "">
      <div class=""mdl-card__title"">
        <h2 class=""mdl-card__title-text"">Marisol Baltic 2025</h2>
      </div>
      <div class=""mdl-card__media"">
        
              <img  src=""https://storage.googleapis.com/bedswing-bucket/images%2Fproducts%2F2017%2F12%2FMarisolBaltic2025.jpg""  border=""0""   alt="""">
        
      </div>
    </div>
    
    <div class=""mdl-card "">
      <div class=""mdl-card__title"">
        <h2 class=""mdl-card__title-text"">Marisol Seamist 2028</h2>
      </div>
      <div class=""mdl-card__media"">
        
              <img  src=""https://storage.googleapis.com/bedswing-bucket/images%2Fproducts%2F2017%2F12%2FMarisolSeamist2028.jpg""  border=""0""   alt="""">
        
      </div>
    </div>
    
    <div class=""mdl-card "">
      <div class=""mdl-card__title"">
        <h2 class=""mdl-card__title-text"">Soulmate Charcoal 0839</h2>
      </div>
      <div class=""mdl-card__media"">
        
              <img  src=""https://storage.googleapis.com/bedswing-bucket/images%2Fproducts%2F2017%2F12%2FSoulmateCharcoal0839.jpg""  border=""0""   alt="""">
        
      </div>
    </div>
    
    <div class=""mdl-card "">
      <div class=""mdl-card__title"">
        <h2 class=""mdl-card__title-text"">Soulmate Nectar 0831</h2>
      </div>
      <div class=""mdl-card__media"">
        
              <img  src=""https://storage.googleapis.com/bedswing-bucket/images%2Fproducts%2F2017%2F12%2FSoulmateNectar0831.jpg""  border=""0""   alt="""">
        
      </div>
    </div>
    
    <div class=""mdl-card "">
      <div class=""mdl-card__title"">
        <h2 class=""mdl-card__title-text"">Spotlight Nectar 2451</h2>
      </div>
      <div class=""mdl-card__media"">
        
              <img  src=""https://storage.googleapis.com/bedswing-bucket/images%2Fproducts%2F2017%2F12%2FSpotlightNectar2451.jpg""  border=""0""   alt="""">
        
      </div>
    </div>
    
    <div class=""mdl-card "">
      <div class=""mdl-card__title"">
        <h2 class=""mdl-card__title-text"">Spotlight Sterling 2453</h2>
      </div>
      <div class=""mdl-card__media"">
        
              <img  src=""https://storage.googleapis.com/bedswing-bucket/images%2Fproducts%2F2017%2F12%2FSpotlightSterling2453.jpg""  border=""0""   alt="""">
        
      </div>
    </div>
    
    <div class=""mdl-card "">
      <div class=""mdl-card__title"">
        <h2 class=""mdl-card__title-text"">Tory Radiant 8031</h2>
      </div>
      <div class=""mdl-card__media"">
        
              <img  src=""https://storage.googleapis.com/bedswing-bucket/images%2Fproducts%2F2017%2F12%2FToryRadiant80312.jpg""  border=""0""   alt="""">
        
      </div>
    </div>
    
    <div class=""mdl-card "">
      <div class=""mdl-card__title"">
        <h2 class=""mdl-card__title-text"">Tradewinds Brass 3815</h2>
      </div>
      <div class=""mdl-card__media"">
        
              <img  src=""https://storage.googleapis.com/bedswing-bucket/images%2Fproducts%2F2017%2F12%2FTradewindsBrass3815.jpg""  border=""0""   alt="""">
        
      </div>
    </div>
    
    <div class=""mdl-card "">
      <div class=""mdl-card__title"">
        <h2 class=""mdl-card__title-text"">Tradewinds Garden 3814</h2>
      </div>
      <div class=""mdl-card__media"">
        
              <img  src=""https://storage.googleapis.com/bedswing-bucket/images%2Fproducts%2F2017%2F12%2FTradewindsGarden3814.jpg""  border=""0""   alt="""">
        
      </div>
    </div>
    
    <div class=""mdl-card "">
      <div class=""mdl-card__title"">
        <h2 class=""mdl-card__title-text"">Tradewinds Mystic Blue 3812</h2>
      </div>
      <div class=""mdl-card__media"">
        
              <img  src=""https://storage.googleapis.com/bedswing-bucket/images%2Fproducts%2F2017%2F12%2FTradewindsGarden3814.jpg""  border=""0""   alt="""">
        
      </div>
    </div>
    
    <div class=""mdl-card "">
      <div class=""mdl-card__title"">
        <h2 class=""mdl-card__title-text"">Tradewinds Nautical 3805</h2>
      </div>
      <div class=""mdl-card__media"">
        
              <img  src=""https://storage.googleapis.com/bedswing-bucket/images%2Fproducts%2F2017%2F12%2FTradewindsNautical3805.jpg""  border=""0""   alt="""">
        
      </div>
    </div>
    
    <div class=""mdl-card "">
      <div class=""mdl-card__title"">
        <h2 class=""mdl-card__title-text"">Bisto Checkerboard 7036</h2>
      </div>
      <div class=""mdl-card__media"">
        
              <img  src=""https://storage.googleapis.com/bedswing-bucket/images%2Fproducts%2F2018%2F01%2FBistroCheckerboard7036.jpg""  border=""0""   alt="""">
        
      </div>
    </div>
    
    <div class=""mdl-card "">
      <div class=""mdl-card__title"">
        <h2 class=""mdl-card__title-text"">Bisto Dove 7047</h2>
      </div>
      <div class=""mdl-card__media"">
        
              <img  src=""https://storage.googleapis.com/bedswing-bucket/images%2Fproducts%2F2018%2F01%2FBistroDove7047.jpg""  border=""0""   alt="""">
        
      </div>
    </div>
    
    <div class=""mdl-card "">
      <div class=""mdl-card__title"">
        <h2 class=""mdl-card__title-text"">Fenway Coal 1510</h2>
      </div>
      <div class=""mdl-card__media"">
        
              <img  src=""https://storage.googleapis.com/bedswing-bucket/images%2Fproducts%2F2017%2F12%2FFenwayCoal15102.jpg""  border=""0""   alt="""">
        
      </div>
    </div>
    
    <div class=""mdl-card "">
      <div class=""mdl-card__title"">
        <h2 class=""mdl-card__title-text"">Donovan Butterscotch 3628</h2>
      </div>
      <div class=""mdl-card__media"">
        
              <img  src=""https://storage.googleapis.com/bedswing-bucket/images%2Fproducts%2F2017%2F12%2FDonovanButterscotch3628.jpg""  border=""0""   alt="""">
        
      </div>
    </div>
    
    <div class=""mdl-card "">
      <div class=""mdl-card__title"">
        <h2 class=""mdl-card__title-text"">Captiva Admiral 3006</h2>
      </div>
      <div class=""mdl-card__media"">
        
              <img  src=""https://storage.googleapis.com/bedswing-bucket/images%2Fproducts%2F2018%2F01%2FCaptivaAdmiral3006.jpg""  border=""0""   alt="""">
        
      </div>
    </div>
    
    <div class=""mdl-card "">
      <div class=""mdl-card__title"">
        <h2 class=""mdl-card__title-text"">Bistro Maritime 7043</h2>
      </div>
      <div class=""mdl-card__media"">
        
              <img  src=""https://storage.googleapis.com/bedswing-bucket/images%2Fproducts%2F2018%2F01%2FBistroMaritime7043.jpg""  border=""0""   alt="""">
        
      </div>
    </div>
    
    <div class=""mdl-card "">
      <div class=""mdl-card__title"">
        <h2 class=""mdl-card__title-text"">Bistro Turquoise 7037</h2>
      </div>
      <div class=""mdl-card__media"">
        
              <img  src=""https://storage.googleapis.com/bedswing-bucket/images%2Fproducts%2F2018%2F01%2FBistroTurquoise7037.jpg""  border=""0""   alt="""">
        
      </div>
    </div>
    
    <div class=""mdl-card "">
      <div class=""mdl-card__title"">
        <h2 class=""mdl-card__title-text"">Longitude Beach 7850</h2>
      </div>
      <div class=""mdl-card__media"">
        
              <img  src=""https://storage.googleapis.com/bedswing-bucket/images%2Fproducts%2F2018%2F01%2FLongtitudeBeach7850.jpg""  border=""0""   alt="""">
        
      </div>
    </div>
    
    <div class=""mdl-card "">
      <div class=""mdl-card__title"">
        <h2 class=""mdl-card__title-text"">Longitude Mica 7856</h2>
      </div>
      <div class=""mdl-card__media"">
        
              <img  src=""https://storage.googleapis.com/bedswing-bucket/images%2Fproducts%2F2018%2F01%2FLongtitudeMica7856.jpg""  border=""0""   alt="""">
        
      </div>
    </div>
    
    <div class=""mdl-card "">
      <div class=""mdl-card__title"">
        <h2 class=""mdl-card__title-text"">Longitude Pool 7857</h2>
      </div>
      <div class=""mdl-card__media"">
        
              <img  src=""https://storage.googleapis.com/bedswing-bucket/images%2Fproducts%2F2018%2F01%2FLontitudePool7857.jpg""  border=""0""   alt="""">
        
      </div>
    </div>
  
  
    <div class=""sub-header"">
        <h2 class=""text-center"">Jaquards Fabrics</h2>        
    </div>
    <div class=""fabric-group"">        
    
    <div class=""mdl-card "">
      <div class=""mdl-card__title"">
        <h2 class=""mdl-card__title-text"">Avalon Amber 2476</h2>
      </div>
      <div class=""mdl-card__media"">
        
              <img  src=""https://storage.googleapis.com/bedswing-bucket/images%2Fproducts%2F2018%2F01%2FAvalonAmber2476.jpg""  border=""0""   alt="""">
        
      </div>
    </div>
    
    <div class=""mdl-card "">
      <div class=""mdl-card__title"">
        <h2 class=""mdl-card__title-text"">Avalon Charcoal 2484</h2>
      </div>
      <div class=""mdl-card__media"">
        
              <img  src=""https://storage.googleapis.com/bedswing-bucket/images%2Fproducts%2F2017%2F12%2FAvalonCharcoal2484.jpg""  border=""0""   alt="""">
        
      </div>
    </div>
    
    <div class=""mdl-card "">
      <div class=""mdl-card__title"">
        <h2 class=""mdl-card__title-text"">Czar Jute 2076</h2>
      </div>
      <div class=""mdl-card__media"">
        
              <img  src=""https://storage.googleapis.com/bedswing-bucket/images%2Fproducts%2F2017%2F12%2FCzarJute2076.jpg""  border=""0""   alt="""">
        
      </div>
    </div>
    
    <div class=""mdl-card "">
      <div class=""mdl-card__title"">
        <h2 class=""mdl-card__title-text"">Avalon Sapphire 2481</h2>
      </div>
      <div class=""mdl-card__media"">
        
              <img  src=""https://storage.googleapis.com/bedswing-bucket/images%2Fproducts%2F2017%2F12%2FAvalonSapphire2481.jpg""  border=""0""   alt="""">
        
      </div>
    </div>
    
    <div class=""mdl-card "">
      <div class=""mdl-card__title"">
        <h2 class=""mdl-card__title-text"">Fame Aruba 7579</h2>
      </div>
      <div class=""mdl-card__media"">
        
              <img  src=""https://storage.googleapis.com/bedswing-bucket/images%2Fproducts%2F2017%2F12%2FFameAruba75792.jpg""  border=""0""   alt="""">
        
      </div>
    </div>
    
    <div class=""mdl-card "">
      <div class=""mdl-card__title"">
        <h2 class=""mdl-card__title-text"">Elements Burlap 2122</h2>
      </div>
      <div class=""mdl-card__media"">
        
              <img  src=""https://storage.googleapis.com/bedswing-bucket/images%2Fproducts%2F2017%2F12%2FElementsBurlap2122.jpg""  border=""0""   alt="""">
        
      </div>
    </div>
    
    <div class=""mdl-card "">
      <div class=""mdl-card__title"">
        <h2 class=""mdl-card__title-text"">Fame Granite 7576</h2>
      </div>
      <div class=""mdl-card__media"">
        
              <img  src=""https://storage.googleapis.com/bedswing-bucket/images%2Fproducts%2F2017%2F12%2FFameGranite75762.jpg""  border=""0""   alt="""">
        
      </div>
    </div>
    
    <div class=""mdl-card "">
      <div class=""mdl-card__title"">
        <h2 class=""mdl-card__title-text"">Locket Apple 4577</h2>
      </div>
      <div class=""mdl-card__media"">
        
              <img  src=""https://storage.googleapis.com/bedswing-bucket/images%2Fproducts%2F2017%2F12%2FLocketApple4577.jpg""  border=""0""   alt="""">
        
      </div>
    </div>
    
    <div class=""mdl-card "">
      <div class=""mdl-card__title"">
        <h2 class=""mdl-card__title-text"">Lavalier Apricot 6555</h2>
      </div>
      <div class=""mdl-card__media"">
        
              <img  src=""https://storage.googleapis.com/bedswing-bucket/images%2Fproducts%2F2017%2F12%2FLavalierApricot6555.jpg""  border=""0""   alt="""">
        
      </div>
    </div>
    
    <div class=""mdl-card "">
      <div class=""mdl-card__title"">
        <h2 class=""mdl-card__title-text"">Poet Licorice 0427</h2>
      </div>
      <div class=""mdl-card__media"">
        
              <img  src=""https://storage.googleapis.com/bedswing-bucket/images%2Fproducts%2F2017%2F12%2FPoetLicorice0427.jpg""  border=""0""   alt="""">
        
      </div>
    </div>
    
    <div class=""mdl-card "">
      <div class=""mdl-card__title"">
        <h2 class=""mdl-card__title-text"">Palmetto Azure 1832</h2>
      </div>
      <div class=""mdl-card__media"">
        
              <img  src=""https://storage.googleapis.com/bedswing-bucket/images%2Fproducts%2F2017%2F12%2FPalmettoAzure1832.jpg""  border=""0""   alt="""">
        
      </div>
    </div>
    
    <div class=""mdl-card "">
      <div class=""mdl-card__title"">
        <h2 class=""mdl-card__title-text"">Timbre Peat 8176</h2>
      </div>
      <div class=""mdl-card__media"">
        
              <img  src=""https://storage.googleapis.com/bedswing-bucket/images%2Fproducts%2F2017%2F12%2FTimbrePeat81762.jpg""  border=""0""   alt="""">
        
      </div>
    </div>
    
    <div class=""mdl-card "">
      <div class=""mdl-card__title"">
        <h2 class=""mdl-card__title-text"">Trace Aloe 2179</h2>
      </div>
      <div class=""mdl-card__media"">
        
              <img  src=""https://storage.googleapis.com/bedswing-bucket/images%2Fproducts%2F2017%2F12%2FTraceAloe2179.jpg""  border=""0""   alt="""">
        
      </div>
    </div>
    
    <div class=""mdl-card "">
      <div class=""mdl-card__title"">
        <h2 class=""mdl-card__title-text"">Whisper Earth 3376</h2>
      </div>
      <div class=""mdl-card__media"">
        
              <img  src=""https://storage.googleapis.com/bedswing-bucket/images%2Fproducts%2F2017%2F12%2FWhisperEarth3376.jpg""  border=""0""   alt="""">
        
      </div>
    </div>
    
    <div class=""mdl-card "">
      <div class=""mdl-card__title"">
        <h2 class=""mdl-card__title-text"">Wyndham Silver 2731</h2>
      </div>
      <div class=""mdl-card__media"">
        
              <img  src=""https://storage.googleapis.com/bedswing-bucket/images%2Fproducts%2F2017%2F12%2FWyndhamSilver2731.jpg""  border=""0""   alt="""">
        
      </div>
    </div>
    
    <div class=""mdl-card "">
      <div class=""mdl-card__title"">
        <h2 class=""mdl-card__title-text"">Poet Grey 0426</h2>
      </div>
      <div class=""mdl-card__media"">
        
              <img  src=""https://storage.googleapis.com/bedswing-bucket/images%2Fproducts%2F2018%2F01%2FPoetGray0426.jpg""  border=""0""   alt="""">
        
      </div>
    </div>
    
    <div class=""mdl-card "">
      <div class=""mdl-card__title"">
        <h2 class=""mdl-card__title-text"">Crazy Horse Lemongrass 3983</h2>
      </div>
      <div class=""mdl-card__media"">
        
              <img  src=""https://storage.googleapis.com/bedswing-bucket/images%2Fproducts%2F2018%2F01%2FCrazy_HorseLemongrass3983.jpg""  border=""0""   alt="""">
        
      </div>
    </div>
    
    <div class=""mdl-card "">
      <div class=""mdl-card__title"">
        <h2 class=""mdl-card__title-text"">Crazy Horse Licorice 3973</h2>
      </div>
      <div class=""mdl-card__media"">
        
              <img  src=""https://storage.googleapis.com/bedswing-bucket/images%2Fproducts%2F2018%2F01%2FCrazy_HorseLicorice3975.jpg""  border=""0""   alt="""">
        
      </div>
    </div>
    
    <div class=""mdl-card "">
      <div class=""mdl-card__title"">
        <h2 class=""mdl-card__title-text"">Crazy Horse Truffle 3976</h2>
      </div>
      <div class=""mdl-card__media"">
        
              <img  src=""https://storage.googleapis.com/bedswing-bucket/images%2Fproducts%2F2018%2F01%2FCrazy_HorseTruffle3976_.jpg""  border=""0""   alt="""">
        
      </div>
    </div>
    
    <div class=""mdl-card "">
      <div class=""mdl-card__title"">
        <h2 class=""mdl-card__title-text"">Fame Champahne 7578</h2>
      </div>
      <div class=""mdl-card__media"">
        
              <img  src=""https://storage.googleapis.com/bedswing-bucket/images%2Fproducts%2F2018%2F01%2FFameChampagne7578.jpg""  border=""0""   alt="""">
        
      </div>
    </div>
    
    <div class=""mdl-card "">
      <div class=""mdl-card__title"">
        <h2 class=""mdl-card__title-text"">Gypsy Nautical 1882</h2>
      </div>
      <div class=""mdl-card__media"">
        
              <img  src=""https://storage.googleapis.com/bedswing-bucket/images%2Fproducts%2F2017%2F12%2FGypsyNautical1882.jpg""  border=""0""   alt="""">
        
      </div>
    </div>
    
    <div class=""mdl-card "">
      <div class=""mdl-card__title"">
        <h2 class=""mdl-card__title-text"">Mirabella Goldenrod 1625</h2>
      </div>
      <div class=""mdl-card__media"">
        
              <img  src=""https://storage.googleapis.com/bedswing-bucket/images%2Fproducts%2F2017%2F12%2FMirabellaGoldenrod1625.jpg""  border=""0""   alt="""">
        
      </div>
    </div>
    
    <div class=""mdl-card "">
      <div class=""mdl-card__title"">
        <h2 class=""mdl-card__title-text"">Palmetto Sawgrass 1826</h2>
      </div>
      <div class=""mdl-card__media"">
        
              <img  src=""https://storage.googleapis.com/bedswing-bucket/images%2Fproducts%2F2017%2F12%2FPalmettoSawgrass1826.jpg""  border=""0""   alt="""">
        
      </div>
    </div>
    
    <div class=""mdl-card "">
      <div class=""mdl-card__title"">
        <h2 class=""mdl-card__title-text"">Timbre Sterling 8177</h2>
      </div>
      <div class=""mdl-card__media"">
        
              <img  src=""https://storage.googleapis.com/bedswing-bucket/images%2Fproducts%2F2017%2F12%2FTimbreSterling8177.jpg""  border=""0""   alt="""">
        
      </div>
    </div>
    
    <div class=""mdl-card "">
      <div class=""mdl-card__title"">
        <h2 class=""mdl-card__title-text"">Whisper Antique 3381</h2>
      </div>
      <div class=""mdl-card__media"">
        
              <img  src=""https://storage.googleapis.com/bedswing-bucket/images%2Fproducts%2F2017%2F12%2FWhisperAntique3381.jpg""  border=""0""   alt="""">
        
      </div>
    </div>
    
    <div class=""mdl-card "">
      <div class=""mdl-card__title"">
        <h2 class=""mdl-card__title-text"">Lavalier Palm 6550</h2>
      </div>
      <div class=""mdl-card__media"">
        
              <img  src=""https://storage.googleapis.com/bedswing-bucket/images%2Fproducts%2F2017%2F12%2FLavalierPalm65502.jpg""  border=""0""   alt="""">
        
      </div>
    </div>
    
    <div class=""mdl-card "">
      <div class=""mdl-card__title"">
        <h2 class=""mdl-card__title-text"">Whitney Palm 475W</h2>
      </div>
      <div class=""mdl-card__media"">
        
              <img  src=""https://storage.googleapis.com/bedswing-bucket/images%2Fproducts%2F2017%2F12%2FWhitneyPalm475W.jpg""  border=""0""   alt="""">
        
      </div>
    </div>
    
  
    <div class=""sub-header"">
        <h2 class=""text-center"">Solid Fabrics #1</h2>        
    </div>
    <div class=""fabric-group"">        
    
    <div class=""mdl-card "">
      <div class=""mdl-card__title"">
        <h2 class=""mdl-card__title-text"">Cadet Grey 5408</h2>
      </div>
      <div class=""mdl-card__media"">
        
              <img  src=""https://storage.googleapis.com/bedswing-bucket/images%2Fproducts%2F2018%2F01%2FCadetGrey8oz54082.jpg""  border=""0""   alt="""">
        
      </div>
    </div>
    
    <div class=""mdl-card "">
      <div class=""mdl-card__title"">
        <h2 class=""mdl-card__title-text"">China Red 5410</h2>
      </div>
      <div class=""mdl-card__media"">
        
              <img  src=""https://storage.googleapis.com/bedswing-bucket/images%2Fproducts%2F2018%2F01%2FChinaRed8oz5410.jpg""  border=""0""   alt="""">
        
      </div>
    </div>
    
    <div class=""mdl-card "">
      <div class=""mdl-card__title"">
        <h2 class=""mdl-card__title-text"">Royal Navy 5442</h2>
      </div>
      <div class=""mdl-card__media"">
        
              <img  src=""https://storage.googleapis.com/bedswing-bucket/images%2Fproducts%2F2018%2F01%2FRoyalNavy8oz54422.jpg""  border=""0""   alt="""">
        
      </div>
    </div>
    
    <div class=""mdl-card "">
      <div class=""mdl-card__title"">
        <h2 class=""mdl-card__title-text"">Steel Blue 5439</h2>
      </div>
      <div class=""mdl-card__media"">
        
              <img  src=""https://storage.googleapis.com/bedswing-bucket/images%2Fproducts%2F2018%2F01%2FSteelBlue8oz54392.jpg""  border=""0""   alt="""">
        
      </div>
    </div>
    
    <div class=""mdl-card "">
      <div class=""mdl-card__title"">
        <h2 class=""mdl-card__title-text"">Antique Beige 5406</h2>
      </div>
      <div class=""mdl-card__media"">
        
              <img  src=""https://storage.googleapis.com/bedswing-bucket/images%2Fproducts%2F2018%2F01%2FAntiqueBeige8oz2.jpg""  border=""0""   alt="""">
        
      </div>
    </div>
    
    <div class=""mdl-card "">
      <div class=""mdl-card__title"">
        <h2 class=""mdl-card__title-text"">Aquamarine 5407</h2>
      </div>
      <div class=""mdl-card__media"">
        
              <img  src=""https://storage.googleapis.com/bedswing-bucket/images%2Fproducts%2F2018%2F01%2FAquamarine8oz5407.jpg""  border=""0""   alt="""">
        
      </div>
    </div>
    
    <div class=""mdl-card "">
      <div class=""mdl-card__title"">
        <h2 class=""mdl-card__title-text"">Aquatic 5436</h2>
      </div>
      <div class=""mdl-card__media"">
        
              <img  src=""https://storage.googleapis.com/bedswing-bucket/images%2Fproducts%2F2017%2F12%2FRumorAquatic66682.jpg""  border=""0""   alt="""">
        
      </div>
    </div>
    
    <div class=""mdl-card "">
      <div class=""mdl-card__title"">
        <h2 class=""mdl-card__title-text"">Black 5405</h2>
      </div>
      <div class=""mdl-card__media"">
        
              <img  src=""https://storage.googleapis.com/bedswing-bucket/images%2Fproducts%2F2017%2F12%2FBlack8oz5405.jpg""  border=""0""   alt="""">
        
      </div>
    </div>
    
    <div class=""mdl-card "">
      <div class=""mdl-card__title"">
        <h2 class=""mdl-card__title-text"">Canary 5424</h2>
      </div>
      <div class=""mdl-card__media"">
        
              <img  src=""https://storage.googleapis.com/bedswing-bucket/images%2Fproducts%2F2017%2F12%2FCanary8oz.jpg""  border=""0""   alt="""">
        
      </div>
    </div>
    
    <div class=""mdl-card "">
      <div class=""mdl-card__title"">
        <h2 class=""mdl-card__title-text"">Dandelion 5414</h2>
      </div>
      <div class=""mdl-card__media"">
        
              <img  src=""https://storage.googleapis.com/bedswing-bucket/images%2Fproducts%2F2017%2F12%2FDandelion8oz54142.jpg""  border=""0""   alt="""">
        
      </div>
    </div>
    
    <div class=""mdl-card "">
      <div class=""mdl-card__title"">
        <h2 class=""mdl-card__title-text"">Golden 5443</h2>
      </div>
      <div class=""mdl-card__media"">
        
              <img  src=""https://storage.googleapis.com/bedswing-bucket/images%2Fproducts%2F2017%2F12%2FGolden8oz54432.jpg""  border=""0""   alt="""">
        
      </div>
    </div>
    
    <div class=""mdl-card "">
      <div class=""mdl-card__title"">
        <h2 class=""mdl-card__title-text"">Khaki 5411</h2>
      </div>
      <div class=""mdl-card__media"">
        
              <img  src=""https://storage.googleapis.com/bedswing-bucket/images%2Fproducts%2F2017%2F12%2FKhaki8oz5411.jpg""  border=""0""   alt="""">
        
      </div>
    </div>
    
    <div class=""mdl-card "">
      <div class=""mdl-card__title"">
        <h2 class=""mdl-card__title-text"">Lemongrass 5446</h2>
      </div>
      <div class=""mdl-card__media"">
        
              <img  src=""https://storage.googleapis.com/bedswing-bucket/images%2Fproducts%2F2017%2F12%2FCrazy_HorseLemongrass3983.jpg""  border=""0""   alt="""">
        
      </div>
    </div>
    
    <div class=""mdl-card "">
      <div class=""mdl-card__title"">
        <h2 class=""mdl-card__title-text"">Neptune 5433</h2>
      </div>
      <div class=""mdl-card__media"">
        
              <img  src=""https://storage.googleapis.com/bedswing-bucket/images%2Fproducts%2F2017%2F12%2FNeptune8oz5433.jpg""  border=""0""   alt="""">
        
      </div>
    </div>
    
    <div class=""mdl-card "">
      <div class=""mdl-card__title"">
        <h2 class=""mdl-card__title-text"">Pesto 5432</h2>
      </div>
      <div class=""mdl-card__media"">
        
              <img  src=""https://storage.googleapis.com/bedswing-bucket/images%2Fproducts%2F2017%2F12%2FPesto8oz54322.jpg""  border=""0""   alt="""">
        
      </div>
    </div>
    
    <div class=""mdl-card "">
      <div class=""mdl-card__title"">
        <h2 class=""mdl-card__title-text"">Pottery 5437</h2>
      </div>
      <div class=""mdl-card__media"">
        
              <img  src=""https://storage.googleapis.com/bedswing-bucket/images%2Fproducts%2F2017%2F12%2FPottery8oz54372.jpg""  border=""0""   alt="""">
        
      </div>
    </div>
    
    <div class=""mdl-card "">
      <div class=""mdl-card__title"">
        <h2 class=""mdl-card__title-text"">Sandstone 5445</h2>
      </div>
      <div class=""mdl-card__media"">
        
              <img  src=""https://storage.googleapis.com/bedswing-bucket/images%2Fproducts%2F2017%2F12%2FkleSandstone1721.jpg""  border=""0""   alt="""">
        
      </div>
    </div>
    
    <div class=""mdl-card "">
      <div class=""mdl-card__title"">
        <h2 class=""mdl-card__title-text"">Stone 5438</h2>
      </div>
      <div class=""mdl-card__media"">
        
              <img  src=""https://storage.googleapis.com/bedswing-bucket/images%2Fproducts%2F2018%2F01%2Fstone.jpg""  border=""0""   alt="""">
        
      </div>
    </div>
    
    <div class=""mdl-card "">
      <div class=""mdl-card__title"">
        <h2 class=""mdl-card__title-text"">Natural White 5409</h2>
      </div>
      <div class=""mdl-card__media"">
        
              <img  src=""https://storage.googleapis.com/bedswing-bucket/images%2Fproducts%2F2017%2F12%2FNaturalWhite8oz5409.jpg""  border=""0""   alt="""">
        
      </div>
    </div>
    
    <div class=""mdl-card "">
      <div class=""mdl-card__title"">
        <h2 class=""mdl-card__title-text"">Captain&#39;s Navy 5403</h2>
      </div>
      <div class=""mdl-card__media"">
        
              <img  src=""https://storage.googleapis.com/bedswing-bucket/images%2Fproducts%2F2018%2F01%2FUndefined""  border=""0""   alt="""">
        
      </div>
    </div>
    
    <div class=""mdl-card "">
      <div class=""mdl-card__title"">
        <h2 class=""mdl-card__title-text"">Cardinal Red 5418</h2>
      </div>
      <div class=""mdl-card__media"">
        
              <img  src=""https://storage.googleapis.com/bedswing-bucket/images%2Fproducts%2F2017%2F12%2FCardinalRed8oz.jpg""  border=""0""   alt="""">
        
      </div>
    </div>
    
    <div class=""mdl-card "">
      <div class=""mdl-card__title"">
        <h2 class=""mdl-card__title-text"">Island Blue 5441</h2>
      </div>
      <div class=""mdl-card__media"">
        
              <img  src=""https://storage.googleapis.com/bedswing-bucket/images%2Fproducts%2F2017%2F12%2FIslandBlue8oz5441.jpg""  border=""0""   alt="""">
        
      </div>
    </div>
    
    <div class=""mdl-card "">
      <div class=""mdl-card__title"">
        <h2 class=""mdl-card__title-text"">Pacific Blue 5402</h2>
      </div>
      <div class=""mdl-card__media"">
        
              <img  src=""https://storage.googleapis.com/bedswing-bucket/images%2Fproducts%2F2017%2F12%2FPacificBlue8oz5402.jpg""  border=""0""   alt="""">
        
      </div>
    </div>
    
    <div class=""mdl-card "">
      <div class=""mdl-card__title"">
        <h2 class=""mdl-card__title-text"">Terra Cotta 5415</h2>
      </div>
      <div class=""mdl-card__media"">
        
              <img  src=""https://storage.googleapis.com/bedswing-bucket/images%2Fproducts%2F2017%2F12%2FTerraCotta80z5415.jpg""  border=""0""   alt="""">
        
      </div>
    </div>
    
    <div class=""mdl-card "">
      <div class=""mdl-card__title"">
        <h2 class=""mdl-card__title-text"">Captain’s Navy 5403</h2>
      </div>
      <div class=""mdl-card__media"">
        
              <img  src=""https://storage.googleapis.com/bedswing-bucket/images%2Fproducts%2F2018%2F01%2FUndefined""  border=""0""   alt="""">
        
      </div>
    </div>
    
    <div class=""mdl-card "">
      <div class=""mdl-card__title"">
        <h2 class=""mdl-card__title-text"">Taupe 5412</h2>
      </div>
      <div class=""mdl-card__media"">
        
              <img  src=""https://storage.googleapis.com/bedswing-bucket/images%2Fproducts%2F2017%2F12%2FTaupe8oz54122.jpg""  border=""0""   alt="""">
        
      </div>
    </div>
    
    <div class=""mdl-card "">
      <div class=""mdl-card__title"">
        <h2 class=""mdl-card__title-text"">Forest Green 5401</h2>
      </div>
      <div class=""mdl-card__media"">
        
              <img  src=""https://storage.googleapis.com/bedswing-bucket/images%2Fproducts%2F2018%2F01%2FForestgreen8oz5401.jpg""  border=""0""   alt="""">
        
      </div>
    </div>
    
    <div class=""mdl-card "">
      <div class=""mdl-card__title"">
        <h2 class=""mdl-card__title-text"">Oz Green 5417</h2>
      </div>
      <div class=""mdl-card__media"">
        
              <img  src=""https://storage.googleapis.com/bedswing-bucket/images%2Fproducts%2F2018%2F01%2FOzgreen8oz5417.jpg""  border=""0""   alt="""">
        
      </div>
    </div>
    
    <div class=""mdl-card "">
      <div class=""mdl-card__title"">
        <h2 class=""mdl-card__title-text"">Burgundy 5404</h2>
      </div>
      <div class=""mdl-card__media"">
        
              <img  src=""https://storage.googleapis.com/bedswing-bucket/images%2Fproducts%2F2017%2F12%2FBurgundy8oz54042.jpg""  border=""0""   alt="""">
        
      </div>
    </div>
    
    <div class=""mdl-card "">
      <div class=""mdl-card__title"">
        <h2 class=""mdl-card__title-text"">Flamingo 5461</h2>
      </div>
      <div class=""mdl-card__media"">
        
              <img  src=""https://storage.googleapis.com/bedswing-bucket/images%2Fproducts%2F2017%2F12%2FFlamingo8oz5461.jpg""  border=""0""   alt="""">
        
      </div>
    </div>
    
    <div class=""mdl-card "">
      <div class=""mdl-card__title"">
        <h2 class=""mdl-card__title-text"">Ivory 5430</h2>
      </div>
      <div class=""mdl-card__media"">
        
              <img  src=""https://storage.googleapis.com/bedswing-bucket/images%2Fproducts%2F2017%2F12%2FIvory8oz5430.jpg""  border=""0""   alt="""">
        
      </div>
    </div>
    
    <div class=""mdl-card "">
      <div class=""mdl-card__title"">
        <h2 class=""mdl-card__title-text"">Kona 5426</h2>
      </div>
      <div class=""mdl-card__media"">
        
              <img  src=""https://storage.googleapis.com/bedswing-bucket/images%2Fproducts%2F2017%2F12%2FKona8oz54262.jpg""  border=""0""   alt="""">
        
      </div>
    </div>
    
    <div class=""mdl-card "">
      <div class=""mdl-card__title"">
        <h2 class=""mdl-card__title-text"">Linen 5413</h2>
      </div>
      <div class=""mdl-card__media"">
        
              <img  src=""https://storage.googleapis.com/bedswing-bucket/images%2Fproducts%2F2017%2F12%2FLinen8oz54132.jpg""  border=""0""   alt="""">
        
      </div>
    </div>
    
    <div class=""mdl-card "">
      <div class=""mdl-card__title"">
        <h2 class=""mdl-card__title-text"">Olive 5428</h2>
      </div>
      <div class=""mdl-card__media"">
        
              <img  src=""https://storage.googleapis.com/bedswing-bucket/images%2Fproducts%2F2017%2F12%2FOlive8oz54282.jpg""  border=""0""   alt="""">
        
      </div>
    </div>
    
    <div class=""mdl-card "">
      <div class=""mdl-card__title"">
        <h2 class=""mdl-card__title-text"">Petrol 5447</h2>
      </div>
      <div class=""mdl-card__media"">
        
              <img  src=""https://storage.googleapis.com/bedswing-bucket/images%2Fproducts%2F2017%2F12%2FPetrol8oz54472.jpg""  border=""0""   alt="""">
        
      </div>
    </div>
    
    <div class=""mdl-card "">
      <div class=""mdl-card__title"">
        <h2 class=""mdl-card__title-text"">Sand 5419</h2>
      </div>
      <div class=""mdl-card__media"">
        
              <img  src=""https://storage.googleapis.com/bedswing-bucket/images%2Fproducts%2F2017%2F12%2FkleSandstone1721.jpg""  border=""0""   alt="""">
        
      </div>
    </div>
    
    <div class=""mdl-card "">
      <div class=""mdl-card__title"">
        <h2 class=""mdl-card__title-text"">Sepia 5421</h2>
      </div>
      <div class=""mdl-card__media"">
        
              <img  src=""https://storage.googleapis.com/bedswing-bucket/images%2Fproducts%2F2017%2F12%2FSepia8oz5421.jpg""  border=""0""   alt="""">
        
      </div>
    </div>
  
    <div class=""sub-header"">
        <h2 class=""text-center"">Solid Fabrics #2</h2>        
    </div>
    <div class=""fabric-group"">        
    
    <div class=""mdl-card "">
      <div class=""mdl-card__title"">
        <h2 class=""mdl-card__title-text"">Avila Chablis 8385</h2>
      </div>
      <div class=""mdl-card__media"">
        
              <img  src=""https://storage.googleapis.com/bedswing-bucket/images%2Fproducts%2F2018%2F01%2FAvilaChablis83852.jpg""  border=""0""   alt="""">
        
      </div>
    </div>
    
    <div class=""mdl-card "">
      <div class=""mdl-card__title"">
        <h2 class=""mdl-card__title-text"">Avila Granite 8387</h2>
      </div>
      <div class=""mdl-card__media"">
        
              <img  src=""https://storage.googleapis.com/bedswing-bucket/images%2Fproducts%2F2018%2F01%2FAvilaGranite8387.jpg""  border=""0""   alt="""">
        
      </div>
    </div>
    
    <div class=""mdl-card "">
      <div class=""mdl-card__title"">
        <h2 class=""mdl-card__title-text"">Glory Marine 4080</h2>
      </div>
      <div class=""mdl-card__media"">
        
              <img  src=""https://storage.googleapis.com/bedswing-bucket/images%2Fproducts%2F2018%2F01%2FGloryMarine4080.jpg""  border=""0""   alt="""">
        
      </div>
    </div>
    
    <div class=""mdl-card "">
      <div class=""mdl-card__title"">
        <h2 class=""mdl-card__title-text"">Jinga Granite 208J</h2>
      </div>
      <div class=""mdl-card__media"">
        
              <img  src=""https://storage.googleapis.com/bedswing-bucket/images%2Fproducts%2F2018%2F01%2FJingaGranite208j.jpg""  border=""0""   alt="""">
        
      </div>
    </div>
    
    <div class=""mdl-card "">
      <div class=""mdl-card__title"">
        <h2 class=""mdl-card__title-text"">Jinga Seamist 210J</h2>
      </div>
      <div class=""mdl-card__media"">
        
              <img  src=""https://storage.googleapis.com/bedswing-bucket/images%2Fproducts%2F2018%2F01%2FJingaSeamist210j2.jpg""  border=""0""   alt="""">
        
      </div>
    </div>
    
    <div class=""mdl-card "">
      <div class=""mdl-card__title"">
        <h2 class=""mdl-card__title-text"">Jinga Stone 218J</h2>
      </div>
      <div class=""mdl-card__media"">
        
              <img  src=""https://storage.googleapis.com/bedswing-bucket/images%2Fproducts%2F2018%2F01%2FJingaStone218j2.jpg""  border=""0""   alt="""">
        
      </div>
    </div>
    
    <div class=""mdl-card "">
      <div class=""mdl-card__title"">
        <h2 class=""mdl-card__title-text"">Memo Flax 0521</h2>
      </div>
      <div class=""mdl-card__media"">
        
              <img  src=""https://storage.googleapis.com/bedswing-bucket/images%2Fproducts%2F2018%2F01%2FMemoFlax05212.jpg""  border=""0""   alt="""">
        
      </div>
    </div>
    
    <div class=""mdl-card "">
      <div class=""mdl-card__title"">
        <h2 class=""mdl-card__title-text"">Memo Oats 0520</h2>
      </div>
      <div class=""mdl-card__media"">
        
              <img  src=""https://storage.googleapis.com/bedswing-bucket/images%2Fproducts%2F2018%2F01%2FMemoOats0520.jpg""  border=""0""   alt="""">
        
      </div>
    </div>
    
    <div class=""mdl-card "">
      <div class=""mdl-card__title"">
        <h2 class=""mdl-card__title-text"">Sierra Delft 3274</h2>
      </div>
      <div class=""mdl-card__media"">
        
              <img  src=""https://storage.googleapis.com/bedswing-bucket/images%2Fproducts%2F2018%2F01%2FSierraDelft3274.jpg""  border=""0""   alt="""">
        
      </div>
    </div>
    
    <div class=""mdl-card "">
      <div class=""mdl-card__title"">
        <h2 class=""mdl-card__title-text"">Sierra Stone 3280</h2>
      </div>
      <div class=""mdl-card__media"">
        
              <img  src=""https://storage.googleapis.com/bedswing-bucket/images%2Fproducts%2F2018%2F01%2FSierraStone3280.jpg""  border=""0""   alt="""">
        
      </div>
    </div>
    
    <div class=""mdl-card "">
      <div class=""mdl-card__title"">
        <h2 class=""mdl-card__title-text"">Sydney Birch 2696</h2>
      </div>
      <div class=""mdl-card__media"">
        
              <img  src=""https://storage.googleapis.com/bedswing-bucket/images%2Fproducts%2F2018%2F01%2FSydneyBirch26962.jpg""  border=""0""   alt="""">
        
      </div>
    </div>
    
    <div class=""mdl-card "">
      <div class=""mdl-card__title"">
        <h2 class=""mdl-card__title-text"">Sydney Oats 2675</h2>
      </div>
      <div class=""mdl-card__media"">
        
              <img  src=""https://storage.googleapis.com/bedswing-bucket/images%2Fproducts%2F2018%2F01%2FSydneyOats2675.jpg""  border=""0""   alt="""">
        
      </div>
    </div>
    
    <div class=""mdl-card "">
      <div class=""mdl-card__title"">
        <h2 class=""mdl-card__title-text"">Sydney Putty 2691</h2>
      </div>
      <div class=""mdl-card__media"">
        
              <img  src=""https://storage.googleapis.com/bedswing-bucket/images%2Fproducts%2F2018%2F01%2FSydneyPutty26912.jpg""  border=""0""   alt="""">
        
      </div>
    </div>
    
    <div class=""mdl-card "">
      <div class=""mdl-card__title"">
        <h2 class=""mdl-card__title-text"">Avila Buff 8376</h2>
      </div>
      <div class=""mdl-card__media"">
        
              <img  src=""https://storage.googleapis.com/bedswing-bucket/images%2Fproducts%2F2018%2F01%2FAvilaBuff83762.jpg""  border=""0""   alt="""">
        
      </div>
    </div>
    
    <div class=""mdl-card "">
      <div class=""mdl-card__title"">
        <h2 class=""mdl-card__title-text"">Avila Cascade 8389</h2>
      </div>
      <div class=""mdl-card__media"">
        
              <img  src=""https://storage.googleapis.com/bedswing-bucket/images%2Fproducts%2F2018%2F01%2FAvilaCascade8389.jpg""  border=""0""   alt="""">
        
      </div>
    </div>
    
    <div class=""mdl-card "">
      <div class=""mdl-card__title"">
        <h2 class=""mdl-card__title-text"">Burnish 5460</h2>
      </div>
      <div class=""mdl-card__media"">
        
              <img  src=""https://storage.googleapis.com/bedswing-bucket/images%2Fproducts%2F2017%2F12%2FBurnish8oz54602.jpg""  border=""0""   alt="""">
        
      </div>
    </div>
    
    <div class=""mdl-card "">
      <div class=""mdl-card__title"">
        <h2 class=""mdl-card__title-text"">Crimson 5451</h2>
      </div>
      <div class=""mdl-card__media"">
        
              <img  src=""https://storage.googleapis.com/bedswing-bucket/images%2Fproducts%2F2017%2F12%2FCrimson8oz54512.jpg""  border=""0""   alt="""">
        
      </div>
    </div>
    
    <div class=""mdl-card "">
      <div class=""mdl-card__title"">
        <h2 class=""mdl-card__title-text"">Glory Seaglass 4084</h2>
      </div>
      <div class=""mdl-card__media"">
        
              <img  src=""https://storage.googleapis.com/bedswing-bucket/images%2Fproducts%2F2017%2F12%2FGlorySeaglass4084.jpg""  border=""0""   alt="""">
        
      </div>
    </div>
    
    <div class=""mdl-card "">
      <div class=""mdl-card__title"">
        <h2 class=""mdl-card__title-text"">Sierra Meringue 3281</h2>
      </div>
      <div class=""mdl-card__media"">
        
              <img  src=""https://storage.googleapis.com/bedswing-bucket/images%2Fproducts%2F2017%2F12%2FSierraMeringue3281.jpg""  border=""0""   alt="""">
        
      </div>
    </div>
    
    <div class=""mdl-card "">
      <div class=""mdl-card__title"">
        <h2 class=""mdl-card__title-text"">Avila Cocoa 8378</h2>
      </div>
      <div class=""mdl-card__media"">
        
              <img  src=""https://storage.googleapis.com/bedswing-bucket/images%2Fproducts%2F2017%2F12%2FAvilaCocoa83782.jpg""  border=""0""   alt="""">
        
      </div>
    </div>
    
    <div class=""mdl-card "">
      <div class=""mdl-card__title"">
        <h2 class=""mdl-card__title-text"">Classic Royal Blue 5434</h2>
      </div>
      <div class=""mdl-card__media"">
        
              <img  src=""https://storage.googleapis.com/bedswing-bucket/images%2Fproducts%2F2017%2F12%2FAvilaCocoa83782.jpg""  border=""0""   alt="""">
        
      </div>
    </div>
    
    <div class=""mdl-card "">
      <div class=""mdl-card__title"">
        <h2 class=""mdl-card__title-text"">Glory Mercury 4082</h2>
      </div>
      <div class=""mdl-card__media"">
        
              <img  src=""https://storage.googleapis.com/bedswing-bucket/images%2Fproducts%2F2017%2F12%2FGloryMercury4082.jpg""  border=""0""   alt="""">
        
      </div>
    </div>
    
    <div class=""mdl-card "">
      <div class=""mdl-card__title"">
        <h2 class=""mdl-card__title-text"">Memo Bark 0531</h2>
      </div>
      <div class=""mdl-card__media"">
        
              <img  src=""https://storage.googleapis.com/bedswing-bucket/images%2Fproducts%2F2017%2F12%2FMemoBark0531.jpg""  border=""0""   alt="""">
        
      </div>
    </div>
    
    <div class=""mdl-card "">
      <div class=""mdl-card__title"">
        <h2 class=""mdl-card__title-text"">Memo Hemp 0522</h2>
      </div>
      <div class=""mdl-card__media"">
        
              <img  src=""https://storage.googleapis.com/bedswing-bucket/images%2Fproducts%2F2017%2F12%2FMemoHemp05222.jpg""  border=""0""   alt="""">
        
      </div>
    </div>
    
    <div class=""mdl-card "">
      <div class=""mdl-card__title"">
        <h2 class=""mdl-card__title-text"">Sierra Beach 3270</h2>
      </div>
      <div class=""mdl-card__media"">
        
              <img  src=""https://storage.googleapis.com/bedswing-bucket/images%2Fproducts%2F2017%2F12%2FSierraBeach.jpg""  border=""0""   alt="""">
        
      </div>
    </div>
    
    <div class=""mdl-card "">
      <div class=""mdl-card__title"">
        <h2 class=""mdl-card__title-text"">Sierra Jute 3280</h2>
      </div>
      <div class=""mdl-card__media"">
        
              <img  src=""https://storage.googleapis.com/bedswing-bucket/images%2Fproducts%2F2017%2F12%2FSierraJute3280.jpg""  border=""0""   alt="""">
        
      </div>
    </div>
    
    <div class=""mdl-card "">
      <div class=""mdl-card__title"">
        <h2 class=""mdl-card__title-text"">Sierra Terra 3283</h2>
      </div>
      <div class=""mdl-card__media"">
        
              <img  src=""https://storage.googleapis.com/bedswing-bucket/images%2Fproducts%2F2017%2F12%2FSierraTerra32832.jpg""  border=""0""   alt="""">
        
      </div>
    </div>
    
    <div class=""mdl-card "">
      <div class=""mdl-card__title"">
        <h2 class=""mdl-card__title-text"">Sydney Cloud 2693</h2>
      </div>
      <div class=""mdl-card__media"">
        
              <img  src=""https://storage.googleapis.com/bedswing-bucket/images%2Fproducts%2F2017%2F12%2FSydneyCloud26932.jpg""  border=""0""   alt="""">
        
      </div>
    </div>
    
    <div class=""mdl-card "">
      <div class=""mdl-card__title"">
        <h2 class=""mdl-card__title-text"">Sydney Peach 2695</h2>
      </div>
      <div class=""mdl-card__media"">
        
              <img  src=""https://storage.googleapis.com/bedswing-bucket/images%2Fproducts%2F2017%2F12%2FSydneyPeach26952.jpg""  border=""0""   alt="""">
        
      </div>
    </div>
    
    <div class=""mdl-card "">
      <div class=""mdl-card__title"">
        <h2 class=""mdl-card__title-text"">Jinga Expresso 223J</h2>
      </div>
      <div class=""mdl-card__media"">
        
              <img  src=""https://storage.googleapis.com/bedswing-bucket/images%2Fproducts%2F2017%2F12%2FJingaExpresso223j.jpg""  border=""0""   alt="""">
        
      </div>
    </div>
    
    <div class=""mdl-card "">
      <div class=""mdl-card__title"">
        <h2 class=""mdl-card__title-text"">Jinga Nautical 213J</h2>
      </div>
      <div class=""mdl-card__media"">
        
              <img  src=""https://storage.googleapis.com/bedswing-bucket/images%2Fproducts%2F2017%2F12%2FJingaNautical213j.jpg""  border=""0""   alt="""">
        
      </div>
    </div>
    
    <div class=""mdl-card "">
      <div class=""mdl-card__title"">
        <h2 class=""mdl-card__title-text"">Sydney Shamrock 2692</h2>
      </div>
      <div class=""mdl-card__media"">
        
              <img  src=""https://storage.googleapis.com/bedswing-bucket/images%2Fproducts%2F2017%2F12%2FSydneyShamrock2692.jpg""  border=""0""   alt="""">
        
      </div>
    </div>
    
    <div class=""mdl-card "">
      <div class=""mdl-card__title"">
        <h2 class=""mdl-card__title-text"">Clover 5458</h2>
      </div>
      <div class=""mdl-card__media"">
        
              <img  src=""https://storage.googleapis.com/bedswing-bucket/images%2Fproducts%2F2017%2F12%2FClover8oz54582.jpg""  border=""0""   alt="""">
        
      </div>
    </div>
    
    <div class=""mdl-card "">
      <div class=""mdl-card__title"">
        <h2 class=""mdl-card__title-text"">Wren 5456</h2>
      </div>
      <div class=""mdl-card__media"">
        
              <img  src=""https://storage.googleapis.com/bedswing-bucket/images%2Fproducts%2F2017%2F12%2FWren8oz5456.jpg""  border=""0""   alt="""">
        
      </div>
    </div>
    
    <div class=""mdl-card "">
      <div class=""mdl-card__title"">
        <h2 class=""mdl-card__title-text"">Sierra Turquoise 3273</h2>
      </div>
      <div class=""mdl-card__media"">
        
              <img  src=""https://storage.googleapis.com/bedswing-bucket/images%2Fproducts%2F2018%2F01%2FSierraTurquiose3273.jpg""  border=""0""   alt="""">
        
      </div>
    </div>
    
    <div class=""mdl-card "">
      <div class=""mdl-card__title"">
        <h2 class=""mdl-card__title-text"">Zinc 5457</h2>
      </div>
      <div class=""mdl-card__media"">
        
              <img  src=""https://storage.googleapis.com/bedswing-bucket/images%2Fproducts%2F2018%2F01%2FUndefined""  border=""0""   alt="""">
        
      </div>
    </div>
    
    <div class=""sub-header"">
        <h2 class=""text-center"">Solid Fabrics #3</h2>        
    </div>
    <div class=""fabric-group"">        
    
    <div class=""mdl-card "">
      <div class=""mdl-card__title"">
        <h2 class=""mdl-card__title-text"">Rumor Bamboo 6652</h2>
      </div>
      <div class=""mdl-card__media"">
        
              <img  src=""https://storage.googleapis.com/bedswing-bucket/images%2Fproducts%2F2018%2F01%2FRumorBamboo66522.jpg""  border=""0""   alt="""">
        
      </div>
    </div>
    
    <div class=""mdl-card "">
      <div class=""mdl-card__title"">
        <h2 class=""mdl-card__title-text"">Scoop Birch 1901</h2>
      </div>
      <div class=""mdl-card__media"">
        
              <img  src=""https://storage.googleapis.com/bedswing-bucket/images%2Fproducts%2F2018%2F01%2FScoopBirch19012.jpg""  border=""0""   alt="""">
        
      </div>
    </div>
    
    <div class=""mdl-card "">
      <div class=""mdl-card__title"">
        <h2 class=""mdl-card__title-text"">Scoop Chili 1911</h2>
      </div>
      <div class=""mdl-card__media"">
        
              <img  src=""https://storage.googleapis.com/bedswing-bucket/images%2Fproducts%2F2018%2F01%2FScoopChili19112.jpg""  border=""0""   alt="""">
        
      </div>
    </div>
    
    <div class=""mdl-card "">
      <div class=""mdl-card__title"">
        <h2 class=""mdl-card__title-text"">Scoop Peacock 1929</h2>
      </div>
      <div class=""mdl-card__media"">
        
              <img  src=""https://storage.googleapis.com/bedswing-bucket/images%2Fproducts%2F2018%2F01%2FScoopPeacock19292.jpg""  border=""0""   alt="""">
        
      </div>
    </div>
    
    <div class=""mdl-card "">
      <div class=""mdl-card__title"">
        <h2 class=""mdl-card__title-text"">Rumor Aquatic 6663</h2>
      </div>
      <div class=""mdl-card__media"">
        
              <img  src=""https://storage.googleapis.com/bedswing-bucket/images%2Fproducts%2F2018%2F01%2FRumorAquatic66682.jpg""  border=""0""   alt="""">
        
      </div>
    </div>
    
    <div class=""mdl-card "">
      <div class=""mdl-card__title"">
        <h2 class=""mdl-card__title-text"">Scoop Timber 1904</h2>
      </div>
      <div class=""mdl-card__media"">
        
              <img  src=""https://storage.googleapis.com/bedswing-bucket/images%2Fproducts%2F2017%2F12%2FScoopTimber19042.jpg""  border=""0""   alt="""">
        
      </div>
    </div>
    
    <div class=""mdl-card "">
      <div class=""mdl-card__title"">
        <h2 class=""mdl-card__title-text"">Sparkle Birch 1706</h2>
      </div>
      <div class=""mdl-card__media"">
        
              <img  src=""https://storage.googleapis.com/bedswing-bucket/images%2Fproducts%2F2017%2F12%2FSparkleBirch1706.jpg""  border=""0""   alt="""">
        
      </div>
    </div>
    
    <div class=""mdl-card "">
      <div class=""mdl-card__title"">
        <h2 class=""mdl-card__title-text"">Sparkle Cork 1720</h2>
      </div>
      <div class=""mdl-card__media"">
        
              <img  src=""https://storage.googleapis.com/bedswing-bucket/images%2Fproducts%2F2017%2F12%2FSparkleCork1720.jpg""  border=""0""   alt="""">
        
      </div>
    </div>
    
    <div class=""mdl-card "">
      <div class=""mdl-card__title"">
        <h2 class=""mdl-card__title-text"">Sparkle Dove 1730</h2>
      </div>
      <div class=""mdl-card__media"">
        
              <img  src=""https://storage.googleapis.com/bedswing-bucket/images%2Fproducts%2F2017%2F12%2FSparkleDove1730.jpg""  border=""0""   alt="""">
        
      </div>
    </div>
    
    <div class=""mdl-card "">
      <div class=""mdl-card__title"">
        <h2 class=""mdl-card__title-text"">Sparkle Mica 1710</h2>
      </div>
      <div class=""mdl-card__media"">
        
              <img  src=""https://storage.googleapis.com/bedswing-bucket/images%2Fproducts%2F2017%2F12%2FSparkleMica17102.jpg""  border=""0""   alt="""">
        
      </div>
    </div>
    
    <div class=""mdl-card "">
      <div class=""mdl-card__title"">
        <h2 class=""mdl-card__title-text"">Sparkle Pool 1713</h2>
      </div>
      <div class=""mdl-card__media"">
        
              <img  src=""https://storage.googleapis.com/bedswing-bucket/images%2Fproducts%2F2017%2F12%2FSparklePool17132.jpg""  border=""0""   alt="""">
        
      </div>
    </div>
    
    <div class=""mdl-card "">
      <div class=""mdl-card__title"">
        <h2 class=""mdl-card__title-text"">Sparkle Snow 1732</h2>
      </div>
      <div class=""mdl-card__media"">
        
              <img  src=""https://storage.googleapis.com/bedswing-bucket/images%2Fproducts%2F2017%2F12%2FSparkleSnow1732.jpg""  border=""0""   alt="""">
        
      </div>
    </div>
    
    <div class=""mdl-card "">
      <div class=""mdl-card__title"">
        <h2 class=""mdl-card__title-text"">Delaney Granite 4877</h2>
      </div>
      <div class=""mdl-card__media"">
        
              <img  src=""https://storage.googleapis.com/bedswing-bucket/images%2Fproducts%2F2017%2F12%2FDelaneyGranite4877.jpg""  border=""0""   alt="""">
        
      </div>
    </div>
    
    <div class=""mdl-card "">
      <div class=""mdl-card__title"">
        <h2 class=""mdl-card__title-text"">Delaney Cactus 4882</h2>
      </div>
      <div class=""mdl-card__media"">
        
              <img  src=""https://storage.googleapis.com/bedswing-bucket/images%2Fproducts%2F2017%2F12%2FDelaneyCactus4882.jpg""  border=""0""   alt="""">
        
      </div>
    </div>
    
    <div class=""mdl-card "">
      <div class=""mdl-card__title"">
        <h2 class=""mdl-card__title-text"">Scoop Dove 1923</h2>
      </div>
      <div class=""mdl-card__media"">
        
              <img  src=""https://storage.googleapis.com/bedswing-bucket/images%2Fproducts%2F2017%2F12%2FScoopDove1923.jpg""  border=""0""   alt="""">
        
      </div>
    </div>
    
    <div class=""mdl-card "">
      <div class=""mdl-card__title"">
        <h2 class=""mdl-card__title-text"">Rumor Buttercup 6662</h2>
      </div>
      <div class=""mdl-card__media"">
        
              <img  src=""https://storage.googleapis.com/bedswing-bucket/images%2Fproducts%2F2017%2F12%2FRumorButtercup6662.jpg""  border=""0""   alt="""">
        
      </div>
    </div>
    
    <div class=""mdl-card "">
      <div class=""mdl-card__title"">
        <h2 class=""mdl-card__title-text"">Rumor Mushroom 6669</h2>
      </div>
      <div class=""mdl-card__media"">
        
              <img  src=""https://storage.googleapis.com/bedswing-bucket/images%2Fproducts%2F2017%2F12%2FRumorMushroom6669.jpg""  border=""0""   alt="""">
        
      </div>
    </div>
    
    <div class=""mdl-card "">
      <div class=""mdl-card__title"">
        <h2 class=""mdl-card__title-text"">Sparkle Granite 1711</h2>
      </div>
      <div class=""mdl-card__media"">
        
              <img  src=""https://storage.googleapis.com/bedswing-bucket/images%2Fproducts%2F2017%2F12%2FSparkleGranite1711.jpg""  border=""0""   alt="""">
        
      </div>
    </div>
    
    <div class=""mdl-card "">
      <div class=""mdl-card__title"">
        <h2 class=""mdl-card__title-text"">Sparkle Nautical 1723</h2>
      </div>
      <div class=""mdl-card__media"">
        
              <img  src=""https://storage.googleapis.com/bedswing-bucket/images%2Fproducts%2F2017%2F12%2FSparkleNautical1723.jpg""  border=""0""   alt="""">
        
      </div>
    </div>
    
    <div class=""mdl-card "">
      <div class=""mdl-card__title"">
        <h2 class=""mdl-card__title-text"">Sparkle Pesto 1702</h2>
      </div>
      <div class=""mdl-card__media"">
        
              <img  src=""https://storage.googleapis.com/bedswing-bucket/images%2Fproducts%2F2018%2F01%2FSparkleSandstone1721.jpg""  border=""0""   alt="""">
        
      </div>
    </div>
    
    <div class=""mdl-card "">
      <div class=""mdl-card__title"">
        <h2 class=""mdl-card__title-text"">Delaney Birch 4876</h2>
      </div>
      <div class=""mdl-card__media"">
        
              <img  src=""https://storage.googleapis.com/bedswing-bucket/images%2Fproducts%2F2017%2F12%2FDelaneyBirch48762.jpg""  border=""0""   alt="""">
        
      </div>
    </div>
    
    <div class=""mdl-card "">
      <div class=""mdl-card__title"">
        <h2 class=""mdl-card__title-text"">Rumor Aquatic 6668</h2>
      </div>
      <div class=""mdl-card__media"">
        
              <img  src=""https://storage.googleapis.com/bedswing-bucket/images%2Fproducts%2F2017%2F12%2FRumorAquatic66682.jpg""  border=""0""   alt="""">
        
      </div>
    </div>
    
    <div class=""mdl-card "">
      <div class=""mdl-card__title"">
        <h2 class=""mdl-card__title-text"">Rumor Dove 6677</h2>
      </div>
      <div class=""mdl-card__media"">
        
              <img  src=""https://storage.googleapis.com/bedswing-bucket/images%2Fproducts%2F2017%2F12%2FRumorDove6677.jpg""  border=""0""   alt="""">
        
      </div>
    </div>
    
    <div class=""mdl-card "">
      <div class=""mdl-card__title"">
        <h2 class=""mdl-card__title-text"">Rumor Snow 6675</h2>
      </div>
      <div class=""mdl-card__media"">
        
              <img  src=""https://storage.googleapis.com/bedswing-bucket/images%2Fproducts%2F2017%2F12%2FRumorSnow6675.jpg""  border=""0""   alt="""">
        
      </div>
    </div>
    
    <div class=""mdl-card "">
      <div class=""mdl-card__title"">
        <h2 class=""mdl-card__title-text"">Scoop Brick 1919</h2>
      </div>
      <div class=""mdl-card__media"">
        
              <img  src=""https://storage.googleapis.com/bedswing-bucket/images%2Fproducts%2F2017%2F12%2FScoopBrick19192.jpg""  border=""0""   alt="""">
        
      </div>
    </div>
    
    <div class=""mdl-card "">
      <div class=""mdl-card__title"">
        <h2 class=""mdl-card__title-text"">Scoop Jute 1903</h2>
      </div>
      <div class=""mdl-card__media"">
        
              <img  src=""https://storage.googleapis.com/bedswing-bucket/images%2Fproducts%2F2017%2F12%2FScoopJute1903.jpg""  border=""0""   alt="""">
        
      </div>
    </div>
    
    <div class=""mdl-card "">
      <div class=""mdl-card__title"">
        <h2 class=""mdl-card__title-text"">Scoop Seamist 1900</h2>
      </div>
      <div class=""mdl-card__media"">
        
              <img  src=""https://storage.googleapis.com/bedswing-bucket/images%2Fproducts%2F2017%2F12%2FScoopSeamist1900.jpg""  border=""0""   alt="""">
        
      </div>
    </div>
    
    <div class=""mdl-card "">
      <div class=""mdl-card__title"">
        <h2 class=""mdl-card__title-text"">Sparkle Jute 1718</h2>
      </div>
      <div class=""mdl-card__media"">
        
              <img  src=""https://storage.googleapis.com/bedswing-bucket/images%2Fproducts%2F2017%2F12%2FSparkleJute17182.jpg""  border=""0""   alt="""">
        
      </div>
    </div>
    
    <div class=""mdl-card "">
      <div class=""mdl-card__title"">
        <h2 class=""mdl-card__title-text"">Delaney Dove 4880</h2>
      </div>
      <div class=""mdl-card__media"">
        
              <img  src=""https://storage.googleapis.com/bedswing-bucket/images%2Fproducts%2F2017%2F12%2FDelaneyDove48802.jpg""  border=""0""   alt="""">
        
      </div>
    </div>
    
    <div class=""mdl-card "">
      <div class=""mdl-card__title"">
        <h2 class=""mdl-card__title-text"">Delaney Straw 4884</h2>
      </div>
      <div class=""mdl-card__media"">
        
              <img  src=""https://storage.googleapis.com/bedswing-bucket/images%2Fproducts%2F2017%2F12%2FDelaneyStraw4884.jpg""  border=""0""   alt="""">
        
      </div>
    </div>
    
    <div class=""mdl-card "">
      <div class=""mdl-card__title"">
        <h2 class=""mdl-card__title-text"">Sparkle Baltic 1743</h2>
      </div>
      <div class=""mdl-card__media"">
        
              <img  src=""https://storage.googleapis.com/bedswing-bucket/images%2Fproducts%2F2017%2F12%2FSparkleBaltic1743.jpg""  border=""0""   alt="""">
        
      </div>
    </div>
    
    <div class=""mdl-card "">
      <div class=""mdl-card__title"">
        <h2 class=""mdl-card__title-text"">Sparkle Buttercup 1712</h2>
      </div>
      <div class=""mdl-card__media"">
        
              <img  src=""https://storage.googleapis.com/bedswing-bucket/images%2Fproducts%2F2017%2F12%2FSparkleButtercup1712.jpg""  border=""0""   alt="""">
        
      </div>
    </div>
    
    <div class=""mdl-card "">
      <div class=""mdl-card__title"">
        <h2 class=""mdl-card__title-text"">Sparkle Crimson 1737</h2>
      </div>
      <div class=""mdl-card__media"">
        
              <img  src=""https://storage.googleapis.com/bedswing-bucket/images%2Fproducts%2F2017%2F12%2FSparkleCrimson1737.jpg""  border=""0""   alt="""">
        
      </div>
    </div>
    
    <div class=""mdl-card "">
      <div class=""mdl-card__title"">
        <h2 class=""mdl-card__title-text"">Sparkle Mushroom 1733</h2>
      </div>
      <div class=""mdl-card__media"">
        
              <img  src=""https://storage.googleapis.com/bedswing-bucket/images%2Fproducts%2F2017%2F12%2FSparkleMushroom1733.jpg""  border=""0""   alt="""">
        
      </div>
    </div>
    
    <div class=""mdl-card "">
      <div class=""mdl-card__title"">
        <h2 class=""mdl-card__title-text"">Sparkle Sandstone 1721</h2>
      </div>
      <div class=""mdl-card__media"">
        
              <img  src=""https://storage.googleapis.com/bedswing-bucket/images%2Fproducts%2F2017%2F12%2FSparkleSandstone1721.jpg""  border=""0""   alt="""">
        
      </div>
    </div>
    
    <div class=""mdl-card "">
      <div class=""mdl-card__title"">
        <h2 class=""mdl-card__title-text"">Sparkle Turquoise 1728</h2>
      </div>
      <div class=""mdl-card__media"">
        
              <img  src=""https://storage.googleapis.com/bedswing-bucket/images%2Fproducts%2F2017%2F12%2FSparkleTurquoise1728.jpg""  border=""0""   alt="""">
        
      </div>
    </div>
    
  </div>
</div>",2017-11-22 02:18:02.493736+00:00
